Geo Point;Geo Shape;gid;Code INSEE;Commune;Service
44.38771428187486, 6.643645611399548;"{""coordinates"": [6.643645611399548, 44.38771428187486], ""type"": ""Point""}";13;04019;Barcelonnette;Sous-préfecture
49.845842844647706, 3.290619591335112;"{""coordinates"": [3.290619591335112, 49.845842844647706], ""type"": ""Point""}";7;02691;Saint-Quentin;Sous-préfecture
44.894321981740646, 6.632905771977145;"{""coordinates"": [6.632905771977145, 44.894321981740646], ""type"": ""Point""}";17;05023;Briançon;Sous-préfecture
45.75813629221574, 5.686648106090643;"{""coordinates"": [5.686648106090643, 45.75813629221574], ""type"": ""Point""}";1;01034;Belley;Sous-préfecture
48.585217460500026, 7.736631137529066;"{""coordinates"": [7.736631137529066, 48.585217460500026], ""type"": ""Point""}";239;67482;Strasbourg;Préfecture de région
47.702428227937574, -0.076374122364969;"{""coordinates"": [-0.076374122364969, 47.702428227937574], ""type"": ""Point""}";256;72154;La Flèche;Sous-préfecture
47.75238288509133, 7.335832614749643;"{""coordinates"": [7.335832614749643, 47.75238288509133], ""type"": ""Point""}";244;68224;Mulhouse;Sous-préfecture
45.911982242304816, 6.125507967868571;"{""coordinates"": [6.125507967868571, 45.911982242304816], ""type"": ""Point""}";262;74010;Annecy;Préfecture
45.54446782880797, 3.248571670172008;"{""coordinates"": [3.248571670172008, 45.54446782880797], ""type"": ""Point""}";223;63178;Issoire;Sous-préfecture
48.53989452183658, 7.49287264351396;"{""coordinates"": [7.49287264351396, 48.53989452183658], ""type"": ""Point""}";236;67300;Molsheim;Sous-préfecture
49.20642346929234, 2.583449265207717;"{""coordinates"": [2.583449265207717, 49.20642346929234], ""type"": ""Point""}";210;60612;Senlis;Sous-préfecture
48.35447320415529, -1.199707090036618;"{""coordinates"": [-1.199707090036618, 48.35447320415529], ""type"": ""Point""}";117;35115;Fougères;Sous-préfecture
43.34468743061177, 3.230507457114288;"{""coordinates"": [3.230507457114288, 43.34468743061177], ""type"": ""Point""}";114;34032;Béziers;Sous-préfecture
44.55267539350195, -0.24786834313079703;"{""coordinates"": [-0.24786834313079703, 44.55267539350195], ""type"": ""Point""}";111;33227;Langon;Sous-préfecture
42.304918940720675, 9.161592017401372;"{""coordinates"": [9.161592017401372, 42.304918940720675], ""type"": ""Point""}";99;2B096;Corte;Sous-préfecture
43.64692235662374, 0.588426332442964;"{""coordinates"": [0.588426332442964, 43.64692235662374], ""type"": ""Point""}";106;32013;Auch;Préfecture
48.645107910129, 1.8332045165554942;"{""coordinates"": [1.8332045165554942, 48.645107910129], ""type"": ""Point""}";276;78517;Rambouillet;Sous-préfecture
50.10574354559465, 1.8324854302692621;"{""coordinates"": [1.8324854302692621, 50.10574354559465], ""type"": ""Point""}";282;80001;Abbeville;Sous-préfecture
48.95768933288053, 2.8826689742762053;"{""coordinates"": [2.8826689742762053, 48.95768933288053], ""type"": ""Point""}";271;77284;Meaux;Sous-préfecture
43.12671786471093, 5.927966528618144;"{""coordinates"": [5.927966528618144, 43.12671786471093], ""type"": ""Point""}";292;83137;Toulon;Préfecture
49.145202764660844, 0.229048796530349;"{""coordinates"": [0.229048796530349, 49.145202764660844], ""type"": ""Point""}";46;14366;Lisieux;Sous-préfecture
49.70087563171728, 4.942520510181205;"{""coordinates"": [4.942520510181205, 49.70087563171728], ""type"": ""Point""}";26;08409;Sedan;Sous-préfecture
44.35793053023319, 2.576832368625185;"{""coordinates"": [2.576832368625185, 44.35793053023319], ""type"": ""Point""}";38;12202;Rodez;Préfecture
44.88588830793362, 1.217375037553707;"{""coordinates"": [1.217375037553707, 44.88588830793362], ""type"": ""Point""}";77;24520;Sarlat-la-Canéda;Sous-préfecture
48.45422734596511, -2.042554164485549;"{""coordinates"": [-2.042554164485549, 48.45422734596511], ""type"": ""Point""}";68;22050;Dinan;Sous-préfecture
48.7322276904944, -3.45859830807043;"{""coordinates"": [-3.45859830807043, 48.7322276904944], ""type"": ""Point""}";70;22113;Lannion;Sous-préfecture
47.828081437989326, -0.7080613161601771;"{""coordinates"": [-0.7080613161601771, 47.828081437989326], ""type"": ""Point""}";177;53062;Château-Gontier;Sous-préfecture
48.73373782257914, 7.052842915408287;"{""coordinates"": [7.052842915408287, 48.73373782257914], ""type"": ""Point""}";194;57630;Sarrebourg;Sous-préfecture
48.06688829166993, -2.966303740539193;"{""coordinates"": [-2.966303740539193, 48.06688829166993], ""type"": ""Point""}";188;56178;Pontivy;Sous-préfecture
49.15910276702612, 5.384181409671339;"{""coordinates"": [5.384181409671339, 49.15910276702612], ""type"": ""Point""}";186;55545;Verdun;Sous-préfecture
48.07002516436402, -0.7718624446116491;"{""coordinates"": [-0.7718624446116491, 48.07002516436402], ""type"": ""Point""}";178;53130;Laval;Préfecture
48.95420864371656, 2.245639764844168;"{""coordinates"": [2.245639764844168, 48.95420864371656], ""type"": ""Point""}";324;95018;Argenteuil;Sous-préfecture
48.434131567148455, 2.157503590726826;"{""coordinates"": [2.157503590726826, 48.434131567148455], ""type"": ""Point""}";312;91223;Etampes;Sous-préfecture
47.79652160243009, 3.570867776447699;"{""coordinates"": [3.570867776447699, 47.79652160243009], ""type"": ""Point""}";308;89024;Auxerre;Préfecture
47.320163375203734, 5.036037193884919;"{""coordinates"": [5.036037193884919, 47.320163375203734], ""type"": ""Point""}";66;21231;Dijon;Préfecture de région
47.023901997784606, 4.839115890175885;"{""coordinates"": [4.839115890175885, 47.023901997784606], ""type"": ""Point""}";65;21054;Beaune;Sous-préfecture
45.547926753876574, 2.310772713250667;"{""coordinates"": [2.310772713250667, 45.547926753876574], ""type"": ""Point""}";64;19275;Ussel;Sous-préfecture
47.085208986455456, 2.3947563694247442;"{""coordinates"": [2.3947563694247442, 47.085208986455456], ""type"": ""Point""}";59;18033;Bourges;Préfecture
49.83416965251941, 3.906012302439631;"{""coordinates"": [3.906012302439631, 49.83416965251941], ""type"": ""Point""}";9;02789;Vervins;Sous-préfecture
46.337418822612946, 6.06193265929357;"{""coordinates"": [6.06193265929357, 46.337418822612946], ""type"": ""Point""}";3;01173;Gex;Sous-préfecture
43.60272006767133, 1.441503456617365;"{""coordinates"": [1.441503456617365, 43.60272006767133], ""type"": ""Point""}";105;31555;Toulouse;Préfecture de région
43.98943104746637, 3.602269220521785;"{""coordinates"": [3.602269220521785, 43.98943104746637], ""type"": ""Point""}";102;30350;Le Vigan;Sous-préfecture
41.61954423543182, 8.97168605973251;"{""coordinates"": [8.97168605973251, 41.61954423543182], ""type"": ""Point""}";96;2A272;Sartène;Sous-préfecture
44.124066764934696, 4.081794672584533;"{""coordinates"": [4.081794672584533, 44.124066764934696], ""type"": ""Point""}";100;30007;Alès;Sous-préfecture
47.47047683398469, -0.555012765768455;"{""coordinates"": [-0.555012765768455, 47.47047683398469], ""type"": ""Point""}";161;49007;Angers;Préfecture
44.51834169344339, 3.498572922786073;"{""coordinates"": [3.498572922786073, 44.51834169344339], ""type"": ""Point""}";160;48095;Mende;Préfecture
47.71716013771838, -1.3783097000525801;"{""coordinates"": [-1.3783097000525801, 47.71716013771838], ""type"": ""Point""}";146;44036;Châteaubriant;Sous-préfecture
47.99571068723496, 2.732611236097123;"{""coordinates"": [2.732611236097123, 47.99571068723496], ""type"": ""Point""}";149;45208;Montargis;Sous-préfecture
45.44063981336048, 4.390834812452644;"{""coordinates"": [4.390834812452644, 45.44063981336048], ""type"": ""Point""}";141;42218;Saint-Etienne;Préfecture
47.36593283956651, -1.177501471311801;"{""coordinates"": [-1.177501471311801, 47.36593283956651], ""type"": ""Point""}";145;44003;Ancenis;Sous-préfecture
47.395413403401065, 0.693427643079031;"{""coordinates"": [0.693427643079031, 47.395413403401065], ""type"": ""Point""}";127;37261;Tours;Préfecture
48.777770649828035, 2.338400126437199;"{""coordinates"": [2.338400126437199, 48.777770649828035], ""type"": ""Point""}";322;94038;L'Hay-les-roses;Sous-préfecture
48.75206869581916, 2.299638343346982;"{""coordinates"": [2.299638343346982, 48.75206869581916], ""type"": ""Point""}";315;92002;Antony;Sous-préfecture
48.197592681706695, 3.283057059934253;"{""coordinates"": [3.283057059934253, 48.197592681706695], ""type"": ""Point""}";310;89387;Sens;Sous-préfecture
46.72311670180043, 2.504749991232059;"{""coordinates"": [2.504749991232059, 46.72311670180043], ""type"": ""Point""}";60;18197;Saint-Amand-Montrond;Sous-préfecture
45.06067917897501, 4.845513317183123;"{""coordinates"": [4.845513317183123, 45.06067917897501], ""type"": ""Point""}";23;07324;Tournon-sur-rhône;Sous-préfecture
44.54426002082271, 4.29496268392044;"{""coordinates"": [4.29496268392044, 44.54426002082271], ""type"": ""Point""}";21;07132;Largentière;Sous-préfecture
43.06993286665765, 0.151031883384562;"{""coordinates"": [0.151031883384562, 43.06993286665765], ""type"": ""Point""}";230;65059;Bagnères-de-Bigorre;Sous-préfecture
48.52154220334199, 0.5484632784365531;"{""coordinates"": [0.5484632784365531, 48.52154220334199], ""type"": ""Point""}";213;61293;Mortagne-au-perche;Sous-préfecture
42.487462295955204, 2.750406095427117;"{""coordinates"": [2.750406095427117, 42.487462295955204], ""type"": ""Point""}";232;66049;Céret;Sous-préfecture
45.85729788903994, 3.5416934867412353;"{""coordinates"": [3.5416934867412353, 45.85729788903994], ""type"": ""Point""}";225;63430;Thiers;Sous-préfecture
43.30061005478507, -0.369120660779204;"{""coordinates"": [-0.369120660779204, 43.30061005478507], ""type"": ""Point""}";228;64445;Pau;Préfecture
46.67064968383611, -1.426138895997859;"{""coordinates"": [-1.426138895997859, 46.67064968383611], ""type"": ""Point""}";297;85191;La Roche-sur-Yon;Préfecture
49.44197720254381, 1.090404459865928;"{""coordinates"": [1.090404459865928, 49.44197720254381], ""type"": ""Point""}";269;76540;Rouen;Préfecture de région
44.05342176829239, 5.046469069133915;"{""coordinates"": [5.046469069133915, 44.05342176829239], ""type"": ""Point""}";295;84031;Carpentras;Sous-préfecture
43.87669766331707, 5.397021130528883;"{""coordinates"": [5.397021130528883, 43.87669766331707], ""type"": ""Point""}";293;84003;Apt;Sous-préfecture
43.92671563774197, 2.147476255732661;"{""coordinates"": [2.147476255732661, 43.92671563774197], ""type"": ""Point""}";286;81004;Albi;Préfecture
46.07681222632243, 6.406312181654228;"{""coordinates"": [6.406312181654228, 46.07681222632243], ""type"": ""Point""}";263;74042;Bonneville;Sous-préfecture
47.621588890804354, 6.156360036423499;"{""coordinates"": [6.156360036423499, 47.621588890804354], ""type"": ""Point""}";250;70550;Vesoul;Préfecture
47.509203374873195, 6.798320825524043;"{""coordinates"": [6.798320825524043, 47.509203374873195], ""type"": ""Point""}";79;25388;Montbéliard;Sous-préfecture
48.509986169746426, -2.763184580809301;"{""coordinates"": [-2.763184580809301, 48.509986169746426], ""type"": ""Point""}";71;22278;Saint-Brieuc;Préfecture
45.95309853444905, 2.169484485176354;"{""coordinates"": [2.169484485176354, 45.95309853444905], ""type"": ""Point""}";72;23008;Aubusson;Sous-préfecture
45.537433814341306, 0.6654251491606491;"{""coordinates"": [0.6654251491606491, 45.537433814341306], ""type"": ""Point""}";75;24311;Nontron;Sous-préfecture
44.35960330880371, 5.133057529351303;"{""coordinates"": [5.133057529351303, 44.35960330880371], ""type"": ""Point""}";82;26220;Nyons;Sous-préfecture
48.445817141502125, 1.5031487777507109;"{""coordinates"": [1.5031487777507109, 48.445817141502125], ""type"": ""Point""}";87;28085;Chartres;Préfecture
48.30349947277341, -0.616707688353451;"{""coordinates"": [-0.616707688353451, 48.30349947277341], ""type"": ""Point""}";179;53147;Mayenne;Sous-préfecture
47.460254876094986, 3.519572471407138;"{""coordinates"": [3.519572471407138, 47.460254876094986], ""type"": ""Point""}";198;58079;Clamecy;Sous-préfecture
48.43080855751517, 0.086619129998941;"{""coordinates"": [0.086619129998941, 48.43080855751517], ""type"": ""Point""}";211;61001;Alençon;Préfecture
49.04670014502295, 3.396600880549776;"{""coordinates"": [3.396600880549776, 49.04670014502295], ""type"": ""Point""}";5;02168;Château-Thierry;Sous-préfecture
50.12415514974764, 3.9296414330236598;"{""coordinates"": [3.9296414330236598, 50.12415514974764], ""type"": ""Point""}";201;59036;Avesnes-sur-helpe;Sous-préfecture
48.82080790917351, 6.509785524678924;"{""coordinates"": [6.509785524678924, 48.82080790917351], ""type"": ""Point""}";191;57132;Château-Salins;Sous-préfecture
51.035069609431154, 2.377200759523769;"{""coordinates"": [2.377200759523769, 51.035069609431154], ""type"": ""Point""}";204;59183;Dunkerque;Sous-préfecture
43.109557399329866, 0.72364425037576;"{""coordinates"": [0.72364425037576, 43.109557399329866], ""type"": ""Point""}";104;31483;Saint-Gaudens;Sous-préfecture
46.58070017559772, 1.989316902899696;"{""coordinates"": [1.989316902899696, 46.58070017559772], ""type"": ""Point""}";123;36046;La Châtre;Sous-préfecture
47.16709107124718, 0.24476350926540302;"{""coordinates"": [0.24476350926540302, 47.16709107124718], ""type"": ""Point""}";125;37072;Chinon;Sous-préfecture
45.0433051563826, 3.885819449160785;"{""coordinates"": [3.885819449160785, 45.0433051563826], ""type"": ""Point""}";143;43157;Le-Puy-en-Velay;Préfecture
44.60864708354923, 2.033781332991985;"{""coordinates"": [2.033781332991985, 44.60864708354923], ""type"": ""Point""}";153;46102;Figeac;Sous-préfecture
48.31893295890871, 0.8210620171102271;"{""coordinates"": [0.8210620171102271, 48.31893295890871], ""type"": ""Point""}";90;28280;Nogent-le-Rotrou;Sous-préfecture
50.75033138558039, 2.257588621635974;"{""coordinates"": [2.257588621635974, 50.75033138558039], ""type"": ""Point""}";220;62765;Saint-Omer;Sous-préfecture
50.46534838832142, 1.7649863244749362;"{""coordinates"": [1.7649863244749362, 50.46534838832142], ""type"": ""Point""}";219;62588;Montreuil;Sous-préfecture
50.52696754784529, 2.644112136778843;"{""coordinates"": [2.644112136778843, 50.52696754784529], ""type"": ""Point""}";215;62119;Béthune;Sous-préfecture
45.550112012785505, 3.7423596609524212;"{""coordinates"": [3.7423596609524212, 45.550112012785505], ""type"": ""Point""}";221;63003;Ambert;Sous-préfecture
48.957204697858195, 4.365319859601311;"{""coordinates"": [4.365319859601311, 48.957204697858195], ""type"": ""Point""}";169;51108;Châlons-en-Champagne;Préfecture de région
49.09004622536919, 4.8965370626523;"{""coordinates"": [4.8965370626523, 49.09004622536919], ""type"": ""Point""}";172;51507;Sainte-Ménehould;Sous-préfecture
47.06191339060895, -0.8788629543163591;"{""coordinates"": [-0.8788629543163591, 47.06191339060895], ""type"": ""Point""}";162;49099;Cholet;Sous-préfecture
47.908983793346735, 7.212499920542424;"{""coordinates"": [7.212499920542424, 47.908983793346735], ""type"": ""Point""}";243;68112;Guebwiller;Sous-préfecture
48.19217158303668, 7.3266922633855796;"{""coordinates"": [7.3266922633855796, 48.19217158303668], ""type"": ""Point""}";245;68269;Ribeauville;Sous-préfecture
48.357921233158336, 5.692157108308085;"{""coordinates"": [5.692157108308085, 48.357921233158336], ""type"": ""Point""}";306;88321;Neufchâteau;Sous-préfecture
48.714465056318325, 2.244754065322668;"{""coordinates"": [2.244754065322668, 48.714465056318325], ""type"": ""Point""}";314;91477;Palaiseau;Sous-préfecture
47.48956375386987, 3.907089243583115;"{""coordinates"": [3.907089243583115, 47.48956375386987], ""type"": ""Point""}";309;89025;Avallon;Sous-préfecture
48.631364082068586, 2.442708296067425;"{""coordinates"": [2.442708296067425, 48.631364082068586], ""type"": ""Point""}";313;91228;Evry;Préfecture
43.52760350565235, 5.447757325957736;"{""coordinates"": [5.447757325957736, 43.52760350565235], ""type"": ""Point""}";40;13001;Aix-en-Provence;Sous-préfecture
46.01503693819317, 0.670884645808222;"{""coordinates"": [0.670884645808222, 46.01503693819317], ""type"": ""Point""}";53;16106;Confolens;Sous-préfecture
49.279382872359285, -0.7074581751189171;"{""coordinates"": [-0.7074581751189171, 49.279382872359285], ""type"": ""Point""}";44;14047;Bayeux;Sous-préfecture
46.3713767462722, 6.480972124980672;"{""coordinates"": [6.480972124980672, 46.3713767462722], ""type"": ""Point""}";265;74281;Thonon-les-bains;Sous-préfecture
44.01945350282874, 1.354057120440789;"{""coordinates"": [1.354057120440789, 44.01945350282874], ""type"": ""Point""}";289;82121;Montauban;Préfecture
48.54163727850228, 2.6588734880647653;"{""coordinates"": [2.6588734880647653, 48.54163727850228], ""type"": ""Point""}";272;77288;Melun;Préfecture
48.23177166976784, 4.707477847787597;"{""coordinates"": [4.707477847787597, 48.23177166976784], ""type"": ""Point""}";31;10033;Bar-sur-aube;Sous-préfecture
44.08600925976624, 6.217695711870434;"{""coordinates"": [6.217695711870434, 44.08600925976624], ""type"": ""Point""}";15;04070;Digne-les-bains;Préfecture
43.64460272891332, 6.933168648105434;"{""coordinates"": [6.933168648105434, 43.64460272891332], ""type"": ""Point""}";19;06069;Grasse;Sous-préfecture
44.728427528422785, 4.592244755465834;"{""coordinates"": [4.592244755465834, 44.728427528422785], ""type"": ""Point""}";22;07186;Privas;Préfecture
45.2751722546702, 6.349326041599053;"{""coordinates"": [6.349326041599053, 45.2751722546702], ""type"": ""Point""}";261;73248;Saint-Jean-de-Maurienne;Sous-préfecture
46.43452102603496, 4.276144214674702;"{""coordinates"": [4.276144214674702, 46.43452102603496], ""type"": ""Point""}";253;71106;Charolles;Sous-préfecture
45.77947197448936, 3.088490576171069;"{""coordinates"": [3.088490576171069, 45.77947197448936], ""type"": ""Point""}";222;63113;Clermont-Ferrand;Préfecture de région
42.69509416891972, 2.893950147914929;"{""coordinates"": [2.893950147914929, 42.69509416891972], ""type"": ""Point""}";233;66136;Perpignan;Préfecture
47.21684205903357, -1.551502310145507;"{""coordinates"": [-1.551502310145507, 47.21684205903357], ""type"": ""Point""}";147;44109;Nantes;Préfecture de région
47.79860534752621, 1.064471773545666;"{""coordinates"": [1.064471773545666, 47.79860534752621], ""type"": ""Point""}";138;41269;Vendôme;Sous-préfecture
46.80947210303073, 1.6920288078072132;"{""coordinates"": [1.6920288078072132, 46.80947210303073], ""type"": ""Point""}";122;36044;Châteauroux;Préfecture
44.33008784786026, 3.5891677269656572;"{""coordinates"": [3.5891677269656572, 44.33008784786026], ""type"": ""Point""}";159;48061;Florac;Sous-préfecture
43.708486155008096, -1.053621486301328;"{""coordinates"": [-1.053621486301328, 43.708486155008096], ""type"": ""Point""}";134;40088;Dax;Sous-préfecture
45.307024241082566, -0.938711249459351;"{""coordinates"": [-0.938711249459351, 45.307024241082566], ""type"": ""Point""}";112;33240;Lesparre-Médoc;Sous-préfecture
43.73315488881252, 3.319806304593962;"{""coordinates"": [3.319806304593962, 43.73315488881252], ""type"": ""Point""}";115;34142;Lodève;Sous-préfecture
47.66058825203984, -2.077382652688351;"{""coordinates"": [-2.077382652688351, 47.66058825203984], ""type"": ""Point""}";118;35236;Redon;Sous-préfecture
43.465425838991216, 1.334502976564248;"{""coordinates"": [1.334502976564248, 43.465425838991216], ""type"": ""Point""}";103;31395;Muret;Sous-préfecture
48.55869206865614, 3.30080390784553;"{""coordinates"": [3.30080390784553, 48.55869206865614], ""type"": ""Point""}";273;77379;Provins;Sous-préfecture
44.351383774947706, 2.036634032201494;"{""coordinates"": [2.036634032201494, 44.351383774947706], ""type"": ""Point""}";39;12300;Villefranche-de-Rouergue;Sous-préfecture
48.49223020885554, 3.500699908484307;"{""coordinates"": [3.500699908484307, 48.49223020885554], ""type"": ""Point""}";32;10268;Nogent-sur-seine;Sous-préfecture
43.213790977309095, 2.352004518147885;"{""coordinates"": [2.352004518147885, 43.213790977309095], ""type"": ""Point""}";34;11069;Carcassonne;Préfecture
43.11631393531814, 1.6160762302978111;"{""coordinates"": [1.6160762302978111, 43.11631393531814], ""type"": ""Point""}";29;09225;Pamiers;Sous-préfecture
43.503538195468614, 4.988333499385093;"{""coordinates"": [4.988333499385093, 43.503538195468614], ""type"": ""Point""}";42;13047;Istres;Sous-préfecture
48.29646121574952, 4.074777793812392;"{""coordinates"": [4.074777793812392, 48.29646121574952], ""type"": ""Point""}";33;10387;Troyes;Préfecture
47.238401534008254, 6.025019975384047;"{""coordinates"": [6.025019975384047, 47.238401534008254], ""type"": ""Point""}";78;25056;Besançon;Préfecture de région
48.736788807904304, 1.366381496636121;"{""coordinates"": [1.366381496636121, 48.736788807904304], ""type"": ""Point""}";89;28134;Dreux;Sous-préfecture
44.756457014976576, 5.367912611116256;"{""coordinates"": [5.367912611116256, 44.756457014976576], ""type"": ""Point""}";81;26113;Die;Sous-préfecture
42.69811510761176, 9.449946056096433;"{""coordinates"": [9.449946056096433, 42.69811510761176], ""type"": ""Point""}";97;2B033;Bastia;Préfecture
48.72629893903815, 4.585253487864446;"{""coordinates"": [4.585253487864446, 48.72629893903815], ""type"": ""Point""}";173;51649;Vitry-le-François;Sous-préfecture
48.683988578844, -1.358450196368361;"{""coordinates"": [-1.358450196368361, 48.683988578844], ""type"": ""Point""}";165;50025;Avranches;Sous-préfecture
46.496209751235185, -1.78058592772277;"{""coordinates"": [-1.78058592772277, 46.496209751235185], ""type"": ""Point""}";298;85194;Les Sables-d'Olonne;Sous-préfecture
48.897438763955, 2.519353948316724;"{""coordinates"": [2.519353948316724, 48.897438763955], ""type"": ""Point""}";319;93062;Le Raincy;Sous-préfecture
47.22313147669936, 2.067912498676809;"{""coordinates"": [2.067912498676809, 47.22313147669936], ""type"": ""Point""}";61;18279;Vierzon;Sous-préfecture
46.56250290053961, 3.329100335454065;"{""coordinates"": [3.329100335454065, 46.56250290053961], ""type"": ""Point""}";11;03190;Moulins;Préfecture
48.1085951462222, -1.6792348710963232;"{""coordinates"": [-1.6792348710963232, 48.1085951462222], ""type"": ""Point""}";119;35238;Rennes;Préfecture de région
44.914103450846866, -0.243580755779148;"{""coordinates"": [-0.243580755779148, 44.914103450846866], ""type"": ""Point""}";113;33243;Libourne;Sous-préfecture
46.94935436613852, 1.9924221255907222;"{""coordinates"": [1.9924221255907222, 46.94935436613852], ""type"": ""Point""}";124;36088;Issoudun;Sous-préfecture
48.387267599367334, -4.488271708453651;"{""coordinates"": [-4.488271708453651, 48.387267599367334], ""type"": ""Point""}";91;29019;Brest;Sous-préfecture
44.407207784881905, 0.7054480340208891;"{""coordinates"": [0.7054480340208891, 44.407207784881905], ""type"": ""Point""}";158;47323;Villeneuve-sur-lot;Sous-préfecture
48.17399396371672, 2.254058039049748;"{""coordinates"": [2.254058039049748, 48.17399396371672], ""type"": ""Point""}";151;45252;Pithiviers;Sous-préfecture
49.11641345063524, -1.090142253533681;"{""coordinates"": [-1.090142253533681, 49.11641345063524], ""type"": ""Point""}";168;50502;Saint-Lô;Préfecture
47.28191502521805, -2.2087867554986422;"{""coordinates"": [-2.2087867554986422, 47.28191502521805], ""type"": ""Point""}";148;44184;Saint-Nazaire;Sous-préfecture
45.2941592641599, 3.384454082049176;"{""coordinates"": [3.384454082049176, 45.2941592641599], ""type"": ""Point""}";142;43040;Brioude;Sous-préfecture
46.425176791773026, 0.8711940349194771;"{""coordinates"": [0.8711940349194771, 46.425176791773026], ""type"": ""Point""}";299;86165;Montmorillon;Sous-préfecture
46.124185534432684, 1.053743983692006;"{""coordinates"": [1.053743983692006, 46.124185534432684], ""type"": ""Point""}";302;87011;Bellac;Sous-préfecture
45.944175226277, -0.519884540762078;"{""coordinates"": [-0.519884540762078, 45.944175226277], ""type"": ""Point""}";57;17347;St-Jean-d'Angély;Sous-préfecture
43.30021299232424, 5.38012296519811;"{""coordinates"": [5.38012296519811, 43.30021299232424], ""type"": ""Point""}";43;13055;Marseille;Préfecture de région
42.96511412641295, 1.607005737057787;"{""coordinates"": [1.607005737057787, 42.96511412641295], ""type"": ""Point""}";28;09122;Foix;Préfecture
50.72337655916088, 1.606867466587862;"{""coordinates"": [1.606867466587862, 50.72337655916088], ""type"": ""Point""}";216;62160;Boulogne-sur-mer;Sous-préfecture
43.23370805238343, 0.07333634824483501;"{""coordinates"": [0.07333634824483501, 43.23370805238343], ""type"": ""Point""}";231;65440;Tarbes;Préfecture
43.40642598619725, 6.061286769454619;"{""coordinates"": [6.061286769454619, 43.40642598619725], ""type"": ""Point""}";290;83023;Brignoles;Sous-préfecture
49.92678123460164, 2.93204077310263;"{""coordinates"": [2.93204077310263, 49.92678123460164], ""type"": ""Point""}";285;80620;Péronne;Sous-préfecture
48.804746275774725, 2.128281366149503;"{""coordinates"": [2.128281366149503, 48.804746275774725], ""type"": ""Point""}";278;78646;Versailles;Préfecture
43.94806603871568, 4.808462460296328;"{""coordinates"": [4.808462460296328, 43.94806603871568], ""type"": ""Point""}";294;84007;Avignon;Préfecture
45.98646984514261, 4.718923534250417;"{""coordinates"": [4.718923534250417, 45.98646984514261], ""type"": ""Point""}";248;69264;Villefranche-sur-saône;Sous-préfecture
48.81545874634411, 7.789332880379467;"{""coordinates"": [7.789332880379467, 48.81545874634411], ""type"": ""Point""}";235;67180;Haguenau;Sous-préfecture
48.74044761032021, 7.362225352625838;"{""coordinates"": [7.362225352625838, 48.74044761032021], ""type"": ""Point""}";237;67437;Saverne;Sous-préfecture
48.074720199622675, 1.34163454478378;"{""coordinates"": [1.34163454478378, 48.074720199622675], ""type"": ""Point""}";88;28088;Châteaudun;Sous-préfecture
48.56224680373641, -3.155211482398879;"{""coordinates"": [-3.155211482398879, 48.56224680373641], ""type"": ""Point""}";69;22070;Guingamp;Sous-préfecture
49.37958179157282, 2.41268544241639;"{""coordinates"": [2.41268544241639, 49.37958179157282], ""type"": ""Point""}";208;60157;Clermont;Sous-préfecture
46.15193064016364, 5.607209949191506;"{""coordinates"": [5.607209949191506, 46.15193064016364], ""type"": ""Point""}";4;01269;Nantua;Sous-préfecture
47.41217627607918, 2.924610648032877;"{""coordinates"": [2.924610648032877, 47.41217627607918], ""type"": ""Point""}";199;58086;Cosne-cours-sur-loire;Sous-préfecture
49.1182112882402, 6.175534870615848;"{""coordinates"": [6.175534870615848, 49.1182112882402], ""type"": ""Point""}";193;57463;Metz;Préfecture de région
48.76227571379138, 5.59109019680394;"{""coordinates"": [5.59109019680394, 48.76227571379138], ""type"": ""Point""}";185;55122;Commercy;Sous-préfecture
46.98861308193391, 3.15989311264839;"{""coordinates"": [3.15989311264839, 46.98861308193391], ""type"": ""Point""}";200;58194;Nevers;Préfecture
44.84267933141048, -0.57291679511206;"{""coordinates"": [-0.57291679511206, 44.84267933141048], ""type"": ""Point""}";110;33063;Bordeaux;Préfecture de région
47.1287529247587, 0.9968111240932441;"{""coordinates"": [0.9968111240932441, 47.1287529247587], ""type"": ""Point""}";126;37132;Loches;Sous-préfecture
46.038211895968594, 4.068418499682462;"{""coordinates"": [4.068418499682462, 46.038211895968594], ""type"": ""Point""}";140;42187;Roanne;Sous-préfecture
44.73689116351761, 1.381104800243004;"{""coordinates"": [1.381104800243004, 44.73689116351761], ""type"": ""Point""}";154;46127;Gourdon;Sous-préfecture
44.136320043775136, 0.33919419853571303;"{""coordinates"": [0.33919419853571303, 44.136320043775136], ""type"": ""Point""}";157;47195;Nérac;Sous-préfecture
41.92594489325969, 8.736636308794866;"{""coordinates"": [8.736636308794866, 41.92594489325969], ""type"": ""Point""}";95;2A004;Ajaccio;Préfecture de région
49.246856398453446, 1.415648257038081;"{""coordinates"": [1.415648257038081, 49.246856398453446], ""type"": ""Point""}";84;27016;Les Andelys;Sous-préfecture
48.19529263203918, -4.089764879942676;"{""coordinates"": [-4.089764879942676, 48.19529263203918], ""type"": ""Point""}";92;29026;Châteaulin;Sous-préfecture
46.9065681400222, 6.354561506473179;"{""coordinates"": [6.354561506473179, 46.9065681400222], ""type"": ""Point""}";80;25462;Pontarlier;Sous-préfecture
44.930959251412254, 4.893296791265599;"{""coordinates"": [4.893296791265599, 44.930959251412254], ""type"": ""Point""}";83;26362;Valence;Préfecture
48.74557979682993, -0.02198813189826;"{""coordinates"": [-0.02198813189826, 48.74557979682993], ""type"": ""Point""}";212;61006;Argentan;Sous-préfecture
45.893385517907845, 3.1126172004522332;"{""coordinates"": [3.1126172004522332, 45.893385517907845], ""type"": ""Point""}";224;63300;Riom;Sous-préfecture
48.59027962834624, 6.505203476204398;"{""coordinates"": [6.505203476204398, 48.59027962834624], ""type"": ""Point""}";181;54329;Luneville;Sous-préfecture
48.77389237606513, 5.159970440916849;"{""coordinates"": [5.159970440916849, 48.77389237606513], ""type"": ""Point""}";184;55029;Bar-le-Duc;Préfecture
48.105464719794085, 5.141790005881871;"{""coordinates"": [5.141790005881871, 48.105464719794085], ""type"": ""Point""}";174;52121;Chaumont;Préfecture
47.6885814188786, -0.86783904282079;"{""coordinates"": [-0.86783904282079, 47.6885814188786], ""type"": ""Point""}";164;49331;Sègre;Sous-préfecture
48.689610494535486, 6.187406613021897;"{""coordinates"": [6.187406613021897, 48.689610494535486], ""type"": ""Point""}";182;54395;Nancy;Préfecture
45.66933948352218, 6.3849231143417144;"{""coordinates"": [6.3849231143417144, 45.66933948352218], ""type"": ""Point""}";259;73011;Albertville;Sous-préfecture
45.76236133106867, 4.834514903252812;"{""coordinates"": [4.834514903252812, 45.76236133106867], ""type"": ""Point""}";247;69123;Lyon;Préfecture de région
48.35054627211871, 0.372297006671646;"{""coordinates"": [0.372297006671646, 48.35054627211871], ""type"": ""Point""}";257;72180;Mamers;Sous-préfecture
45.565644948142456, 5.9217648077895095;"{""coordinates"": [5.9217648077895095, 45.565644948142456], ""type"": ""Point""}";260;73065;Chambéry;Préfecture
47.98564468425148, 0.19280097241440403;"{""coordinates"": [0.19280097241440403, 47.98564468425148], ""type"": ""Point""}";258;72181;Le Mans;Préfecture
48.07817737709632, 7.356119354674896;"{""coordinates"": [7.356119354674896, 48.07817737709632], ""type"": ""Point""}";242;68066;Colmar;Préfecture
48.99150508160993, 2.381690773949182;"{""coordinates"": [2.381690773949182, 48.99150508160993], ""type"": ""Point""}";326;95585;Sarcelles;Sous-préfecture
48.935049127097905, 2.354397787583013;"{""coordinates"": [2.354397787583013, 48.935049127097905], ""type"": ""Point""}";320;93066;Saint-Denis;Sous-préfecture
46.15671984000617, -1.147801095900088;"{""coordinates"": [-1.147801095900088, 46.15671984000617], ""type"": ""Point""}";56;17300;La Rochelle;Préfecture
43.677953119775836, 4.628912417996331;"{""coordinates"": [4.628912417996331, 43.677953119775836], ""type"": ""Point""}";41;13004;Arles;Sous-préfecture
43.605313348453535, 2.2408650805155492;"{""coordinates"": [2.2408650805155492, 43.605313348453535], ""type"": ""Point""}";287;81065;Castres;Sous-préfecture
48.85085581368689, 2.649375410713632;"{""coordinates"": [2.649375410713632, 48.85085581368689], ""type"": ""Point""}";274;77468;Torcy;Sous-préfecture
46.323981358394484, -0.460212512230243;"{""coordinates"": [-0.460212512230243, 46.323981358394484], ""type"": ""Point""}";280;79191;Niort;Préfecture
49.76968739847668, 4.72344815439256;"{""coordinates"": [4.72344815439256, 49.76968739847668], ""type"": ""Point""}";24;08105;Charleville-Mézières;Préfecture
49.398157756530495, 4.701168925284992;"{""coordinates"": [4.701168925284992, 49.398157756530495], ""type"": ""Point""}";27;08490;Vouziers;Sous-préfecture
43.05338059177713, 2.218669186750689;"{""coordinates"": [2.218669186750689, 43.05338059177713], ""type"": ""Point""}";35;11206;Limoux;Sous-préfecture
44.55828752699916, 6.077698399294994;"{""coordinates"": [6.077698399294994, 44.55828752699916], ""type"": ""Point""}";18;05061;Gap;Préfecture
46.34085167697677, 2.601691151816067;"{""coordinates"": [2.601691151816067, 46.34085167697677], ""type"": ""Point""}";10;03185;Montluçon;Sous-préfecture
43.701547048480265, 7.261721668620592;"{""coordinates"": [7.261721668620592, 43.701547048480265], ""type"": ""Point""}";20;06088;Nice;Préfecture
49.571551639646636, 3.619385080927956;"{""coordinates"": [3.619385080927956, 49.571551639646636], ""type"": ""Point""}";6;02408;Laon;Préfecture
46.14354160317015, 6.081604636928328;"{""coordinates"": [6.081604636928328, 46.14354160317015], ""type"": ""Point""}";264;74243;Saint-Julien-en-Genevois;Sous-préfecture
46.78809882846471, 4.851244717573119;"{""coordinates"": [4.851244717573119, 46.78809882846471], ""type"": ""Point""}";252;71076;Châlon-sur-saône;Sous-préfecture
46.62999306711483, 5.223381491698284;"{""coordinates"": [5.223381491698284, 46.62999306711483], ""type"": ""Point""}";254;71263;Louhans;Sous-préfecture
47.68508098677621, 6.4984169635950675;"{""coordinates"": [6.4984169635950675, 47.68508098677621], ""type"": ""Point""}";249;70310;Lure;Sous-préfecture
47.06439073082205, 3.933476109671556;"{""coordinates"": [3.933476109671556, 47.06439073082205], ""type"": ""Point""}";197;58062;Château-Chinon (ville);Sous-préfecture
49.111839925217275, 7.071828952295788;"{""coordinates"": [7.071828952295788, 49.111839925217275], ""type"": ""Point""}";195;57631;Sarreguemines;Sous-préfecture
50.6299309661142, 3.062322331292969;"{""coordinates"": [3.062322331292969, 50.6299309661142], ""type"": ""Point""}";205;59350;Lille;Préfecture de région
48.25865429332345, 7.455415818008099;"{""coordinates"": [7.455415818008099, 48.25865429332345], ""type"": ""Point""}";238;67462;Sélestat;Sous-préfecture
50.430996666716574, 2.831083953247234;"{""coordinates"": [2.831083953247234, 50.430996666716574], ""type"": ""Point""}";218;62498;Lens;Sous-préfecture
43.89127131137023, -0.500148890227131;"{""coordinates"": [-0.500148890227131, 43.89127131137023], ""type"": ""Point""}";135;40192;Mont-de-Marsan;Préfecture
45.14191038243357, 4.12329824003823;"{""coordinates"": [4.12329824003823, 45.14191038243357], ""type"": ""Point""}";144;43268;Yssingeaux;Sous-préfecture
44.50075452122774, 0.165682460516121;"{""coordinates"": [0.165682460516121, 44.50075452122774], ""type"": ""Point""}";156;47157;Marmande;Sous-préfecture
45.52355664305717, 4.873285176635477;"{""coordinates"": [4.873285176635477, 45.52355664305717], ""type"": ""Point""}";130;38544;Vienne;Sous-préfecture
45.18554496669607, 5.715079750220817;"{""coordinates"": [5.715079750220817, 45.18554496669607], ""type"": ""Point""}";128;38185;Grenoble;Préfecture
43.60694771426994, 3.875238131305296;"{""coordinates"": [3.875238131305296, 43.60694771426994], ""type"": ""Point""}";116;34172;Montpellier;Préfecture de région
48.958553569716145, 2.101233606688995;"{""coordinates"": [2.101233606688995, 48.958553569716145], ""type"": ""Point""}";277;78551;Saint-Germain-en-Laye;Sous-préfecture
46.840503962099916, -0.49188571152372906;"{""coordinates"": [-0.49188571152372906, 46.840503962099916], ""type"": ""Point""}";279;79049;Bressuire;Sous-préfecture
49.64793660046466, 2.568847929532716;"{""coordinates"": [2.568847929532716, 49.64793660046466], ""type"": ""Point""}";284;80561;Montdidier;Sous-préfecture
43.537860350388165, 6.46485692801596;"{""coordinates"": [6.46485692801596, 43.537860350388165], ""type"": ""Point""}";291;83050;Draguignan;Sous-préfecture
48.85680577863117, 2.344701659193454;"{""coordinates"": [2.344701659193454, 48.85680577863117], ""type"": ""Point""}";266;75056;Paris;Capitale
49.51139899299308, 4.367875703435653;"{""coordinates"": [4.367875703435653, 49.51139899299308], ""type"": ""Point""}";25;08362;Rethel;Sous-préfecture
47.624556568398084, 4.338882204219404;"{""coordinates"": [4.338882204219404, 47.624556568398084], ""type"": ""Point""}";67;21425;Montbard;Sous-préfecture
48.5793023498892, -3.826725173603867;"{""coordinates"": [-3.826725173603867, 48.5793023498892], ""type"": ""Point""}";93;29151;Morlaix;Sous-préfecture
45.18935089262743, 0.707015596413719;"{""coordinates"": [0.707015596413719, 45.18935089262743], ""type"": ""Point""}";76;24322;Périgueux;Préfecture
49.184399380404834, 6.496321807468094;"{""coordinates"": [6.496321807468094, 49.184399380404834], ""type"": ""Point""}";190;57097;Boulay-moselle;Sous-préfecture
47.86442977050137, 5.333501147128104;"{""coordinates"": [5.333501147128104, 47.86442977050137], ""type"": ""Point""}";175;52269;Langres;Sous-préfecture
47.26045942905348, -0.07872824339339901;"{""coordinates"": [-0.07872824339339901, 47.26045942905348], ""type"": ""Point""}";163;49328;Saumur;Sous-préfecture
48.83695073031564, 2.239909428033199;"{""coordinates"": [2.239909428033199, 48.83695073031564], ""type"": ""Point""}";316;92012;Boulogne-Billancourt;Sous-préfecture
46.581776073397926, 0.344343865632105;"{""coordinates"": [0.344343865632105, 46.581776073397926], ""type"": ""Point""}";301;86194;Poitiers;Préfecture de région
48.778734265792956, 2.441128488916333;"{""coordinates"": [2.441128488916333, 48.778734265792956], ""type"": ""Point""}";321;94028;Créteil;Préfecture
48.90158090557405, 2.202096617746199;"{""coordinates"": [2.202096617746199, 48.90158090557405], ""type"": ""Point""}";317;92050;Nanterre;Préfecture
47.64309725027975, 6.8562908908217945;"{""coordinates"": [6.8562908908217945, 47.64309725027975], ""type"": ""Point""}";311;90010;Belfort;Préfecture
45.14973936414032, 1.508123027664977;"{""coordinates"": [1.508123027664977, 45.14973936414032], ""type"": ""Point""}";62;19031;Brive-la-Gaillarde;Sous-préfecture
45.442443383021256, -0.43560297497058204;"{""coordinates"": [-0.43560297497058204, 45.442443383021256], ""type"": ""Point""}";54;17197;Jonzac;Sous-préfecture
45.21787348187631, 2.333919779047351;"{""coordinates"": [2.333919779047351, 45.21787348187631], ""type"": ""Point""}";49;15120;Mauriac;Sous-préfecture
45.69009800095868, -0.325835840492517;"{""coordinates"": [-0.325835840492517, 45.69009800095868], ""type"": ""Point""}";52;16102;Cognac;Sous-préfecture
48.84049644646376, -0.89376225391401;"{""coordinates"": [-0.89376225391401, 48.84049644646376], ""type"": ""Point""}";47;14762;Vire;Sous-préfecture
43.959523254105655, 5.778682559390419;"{""coordinates"": [5.778682559390419, 43.959523254105655], ""type"": ""Point""}";16;04088;Forcalquier;Sous-préfecture
46.203729625039095, 5.22669493959291;"{""coordinates"": [5.22669493959291, 46.203729625039095], ""type"": ""Point""}";2;01053;Bourg-en-Bresse;Préfecture
49.381754171692, 3.328792545117139;"{""coordinates"": [3.328792545117139, 49.381754171692], ""type"": ""Point""}";8;02722;Soissons;Sous-préfecture
43.957671979121685, 0.37108823261796703;"{""coordinates"": [0.37108823261796703, 43.957671979121685], ""type"": ""Point""}";107;32107;Condom;Sous-préfecture
47.99591135441425, -4.102091930047734;"{""coordinates"": [-4.102091930047734, 47.99591135441425], ""type"": ""Point""}";94;29232;Quimper;Préfecture
49.63955740337969, -1.627849297802336;"{""coordinates"": [-1.627849297802336, 49.63955740337969], ""type"": ""Point""}";166;50129;Cherbourg-Octeville;Sous-préfecture
49.048044051257975, -1.4445602886039741;"{""coordinates"": [-1.4445602886039741, 49.048044051257975], ""type"": ""Point""}";167;50147;Coutances;Sous-préfecture
49.04670513974874, 3.9598415397535263;"{""coordinates"": [3.9598415397535263, 49.04670513974874], ""type"": ""Point""}";170;51230;Epernay;Sous-préfecture
49.25735252689996, 4.035868185469656;"{""coordinates"": [4.035868185469656, 49.25735252689996], ""type"": ""Point""}";171;51454;Reims;Sous-préfecture
44.45101309067445, 1.4352852042008641;"{""coordinates"": [1.4352852042008641, 44.45101309067445], ""type"": ""Point""}";152;46042;Cahors;Préfecture
46.675335043225274, 5.554148070068186;"{""coordinates"": [5.554148070068186, 46.675335043225274], ""type"": ""Point""}";132;39300;Lons-le-Saunier;Préfecture
45.60690774090388, 4.064772219118395;"{""coordinates"": [4.064772219118395, 45.60690774090388], ""type"": ""Point""}";139;42147;Montbrison;Sous-préfecture
47.08993693606425, 5.481956258293771;"{""coordinates"": [5.481956258293771, 47.08993693606425], ""type"": ""Point""}";131;39198;Dole;Sous-préfecture
48.28613299904904, 6.944302686136824;"{""coordinates"": [6.944302686136824, 48.28613299904904], ""type"": ""Point""}";307;88413;Daint-Dié-des-Vosges;Sous-préfecture
48.183087125339775, 6.444585546739186;"{""coordinates"": [6.444585546739186, 48.183087125339775], ""type"": ""Point""}";305;88160;Epinal;Préfecture
42.9859523520392, 1.144866150753888;"{""coordinates"": [1.144866150753888, 42.9859523520392], ""type"": ""Point""}";30;09261;Saint-Girons;Sous-préfecture
45.74504052398869, -0.6324327128330061;"{""coordinates"": [-0.6324327128330061, 45.74504052398869], ""type"": ""Point""}";58;17415;Saintes;Sous-préfecture
45.65180332629937, 0.15846107873303802;"{""coordinates"": [0.15846107873303802, 45.65180332629937], ""type"": ""Point""}";51;16015;Angoulême;Préfecture
44.099911079279124, 3.07905593051695;"{""coordinates"": [3.07905593051695, 44.099911079279124], ""type"": ""Point""}";37;12145;Millau;Sous-préfecture
43.193668605753935, -0.606938694458748;"{""coordinates"": [-0.606938694458748, 43.193668605753935], ""type"": ""Point""}";227;64422;Oloron-sainte-Marie;Sous-préfecture
43.49205208660326, -1.475503887118268;"{""coordinates"": [-1.475503887118268, 43.49205208660326], ""type"": ""Point""}";226;64102;Bayonne;Sous-préfecture
50.29158452394605, 2.775516298656199;"{""coordinates"": [2.775516298656199, 50.29158452394605], ""type"": ""Point""}";214;62041;Arras;Préfecture
46.64632361257034, -0.24439518411166103;"{""coordinates"": [-0.24439518411166103, 46.64632361257034], ""type"": ""Point""}";281;79202;Parthenay;Sous-préfecture
49.495075963334365, 0.134631663565832;"{""coordinates"": [0.134631663565832, 49.495075963334365], ""type"": ""Point""}";268;76351;Le Havre;Sous-préfecture
47.62383696984612, 7.239448222409047;"{""coordinates"": [7.239448222409047, 47.62383696984612], ""type"": ""Point""}";241;68004;Altkirch;Sous-préfecture
42.616028067306196, 2.422024802020124;"{""coordinates"": [2.422024802020124, 42.616028067306196], ""type"": ""Point""}";234;66149;Prades;Sous-préfecture
47.810392777674345, 7.102633686878837;"{""coordinates"": [7.102633686878837, 47.810392777674345], ""type"": ""Point""}";246;68334;Thann;Sous-préfecture
49.92577226014345, 1.075863114617219;"{""coordinates"": [1.075863114617219, 49.92577226014345], ""type"": ""Point""}";267;76217;Dieppe;Sous-préfecture
49.09088056867493, 0.5983413582910481;"{""coordinates"": [0.5983413582910481, 49.09088056867493], ""type"": ""Point""}";85;27056;Bernay;Sous-préfecture
49.0236015015961, 1.152616775515009;"{""coordinates"": [1.152616775515009, 49.0236015015961], ""type"": ""Point""}";86;27229;Evreux;Préfecture
48.63742561954157, 4.946963917555927;"{""coordinates"": [4.946963917555927, 48.63742561954157], ""type"": ""Point""}";176;52448;Saint-Dizier;Sous-préfecture
49.408332453885855, 2.821494624016307;"{""coordinates"": [2.821494624016307, 49.408332453885855], ""type"": ""Point""}";209;60159;Compiègne;Sous-préfecture
47.74960355375434, -3.362003373550947;"{""coordinates"": [-3.362003373550947, 47.74960355375434], ""type"": ""Point""}";187;56121;Lorient;Sous-préfecture
50.17421609184632, 3.234536464683373;"{""coordinates"": [3.234536464683373, 50.17421609184632], ""type"": ""Point""}";202;59122;Cambrai;Sous-préfecture
50.37545670919729, 3.091977408539725;"{""coordinates"": [3.091977408539725, 50.37545670919729], ""type"": ""Point""}";203;59178;Douai;Sous-préfecture
47.658780232609516, -2.758089809365857;"{""coordinates"": [-2.758089809365857, 47.658780232609516], ""type"": ""Point""}";189;56260;Vannes;Préfecture
46.12945813592417, 3.42473893709965;"{""coordinates"": [3.42473893709965, 46.12945813592417], ""type"": ""Point""}";12;03310;Vichy;Sous-préfecture
50.35928300956368, 3.5234507416179373;"{""coordinates"": [3.5234507416179373, 50.35928300956368], ""type"": ""Point""}";206;59606;Valenciennes;Sous-préfecture
49.35791054362207, 6.166098028635293;"{""coordinates"": [6.166098028635293, 49.35791054362207], ""type"": ""Point""}";196;57672;Thionville;Sous-préfecture
49.19122255757082, 6.897615489396137;"{""coordinates"": [6.897615489396137, 49.19122255757082], ""type"": ""Point""}";192;57227;Forbach;Sous-préfecture
45.567965101807985, 5.444705791701421;"{""coordinates"": [5.444705791701421, 45.567965101807985], ""type"": ""Point""}";129;38509;La Tour-du-pin;Sous-préfecture
48.6388766823234, -1.9966774300463492;"{""coordinates"": [-1.9966774300463492, 48.6388766823234], ""type"": ""Point""}";120;35288;Saint-Malo;Sous-préfecture
43.514676035053675, 0.404475982319192;"{""coordinates"": [0.404475982319192, 43.514676035053675], ""type"": ""Point""}";108;32256;Mirande;Sous-préfecture
46.6338724531456, 1.063513478666744;"{""coordinates"": [1.063513478666744, 46.6338724531456], ""type"": ""Point""}";121;36018;Le Blanc;Sous-préfecture
45.12801877760427, -0.6618436197145251;"{""coordinates"": [-0.6618436197145251, 45.12801877760427], ""type"": ""Point""}";109;33058;Blaye;Sous-préfecture
47.35926029378806, 1.7436416514504391;"{""coordinates"": [1.7436416514504391, 47.35926029378806], ""type"": ""Point""}";137;41194;Romorantin-Lanthenay;Sous-préfecture
47.900031674274985, 1.905768551869675;"{""coordinates"": [1.905768551869675, 47.900031674274985], ""type"": ""Point""}";150;45234;Orléans;Préfecture de région
46.38530022790748, 5.86410423966912;"{""coordinates"": [5.86410423966912, 46.38530022790748], ""type"": ""Point""}";133;39478;Saint-Claude;Sous-préfecture
47.588270012872876, 1.330237262322263;"{""coordinates"": [1.330237262322263, 47.588270012872876], ""type"": ""Point""}";136;41018;Blois;Préfecture
44.20410290220869, 0.6186066363781321;"{""coordinates"": [0.6186066363781321, 44.20410290220869], ""type"": ""Point""}";155;47001;Agen;Préfecture
44.855017285758215, 0.485498957827373;"{""coordinates"": [0.485498957827373, 44.855017285758215], ""type"": ""Point""}";74;24037;Bergerac;Sous-préfecture
42.55849100265286, 8.752678072626953;"{""coordinates"": [8.752678072626953, 42.55849100265286], ""type"": ""Point""}";98;2B050;Calvi;Sous-préfecture
43.836600844778616, 4.359331162600978;"{""coordinates"": [4.359331162600978, 43.836600844778616], ""type"": ""Point""}";101;30189;Nîmes;Préfecture
46.17212959248886, 1.868300399072274;"{""coordinates"": [1.868300399072274, 46.17212959248886], ""type"": ""Point""}";73;23096;Guéret;Préfecture
43.004635630478546, -0.09637480475226;"{""coordinates"": [-0.09637480475226, 43.004635630478546], ""type"": ""Point""}";229;65025;Argelès-Gazost;Sous-préfecture
49.03652704667538, 7.944686142342336;"{""coordinates"": [7.944686142342336, 49.03652704667538], ""type"": ""Point""}";240;67544;Wissembourg;Sous-préfecture
50.94679152020977, 1.864367459854282;"{""coordinates"": [1.864367459854282, 50.94679152020977], ""type"": ""Point""}";217;62193;Calais;Sous-préfecture
49.431280305431464, 2.08479942234391;"{""coordinates"": [2.08479942234391, 49.431280305431464], ""type"": ""Point""}";207;60057;Beauvais;Préfecture
49.24687837461403, 5.940027398770371;"{""coordinates"": [5.940027398770371, 49.24687837461403], ""type"": ""Point""}";180;54099;Briey;Sous-préfecture
48.67508161024264, 5.890724390229511;"{""coordinates"": [5.890724390229511, 48.67508161024264], ""type"": ""Point""}";183;54528;Toul;Sous-préfecture
46.95854468698226, 4.298058212787574;"{""coordinates"": [4.298058212787574, 46.95854468698226], ""type"": ""Point""}";251;71014;Autun;Sous-préfecture
46.30413858212796, 4.831134525074437;"{""coordinates"": [4.831134525074437, 46.30413858212796], ""type"": ""Point""}";255;71270;Mâcon;Préfecture
48.838101333628416, 2.483928107741324;"{""coordinates"": [2.483928107741324, 48.838101333628416], ""type"": ""Point""}";323;94052;Nogent-sur-marne;Sous-préfecture
49.052114079055514, 2.096378354935794;"{""coordinates"": [2.096378354935794, 49.052114079055514], ""type"": ""Point""}";325;95500;Pontoise;Préfecture
46.46722247477269, -0.806659430896393;"{""coordinates"": [-0.806659430896393, 46.46722247477269], ""type"": ""Point""}";296;85092;Fontenay-le-Comte;Sous-préfecture
46.81787652080442, 0.543250118589644;"{""coordinates"": [0.543250118589644, 46.81787652080442], ""type"": ""Point""}";300;86066;Châtellerault;Sous-préfecture
45.831870187730146, 0.8295481681922391;"{""coordinates"": [0.8295481681922391, 45.831870187730146], ""type"": ""Point""}";304;87126;Rochechouart;Sous-préfecture
45.8364186991017, 1.2621209843260681;"{""coordinates"": [1.2621209843260681, 45.8364186991017], ""type"": ""Point""}";303;87085;Limoges;Préfecture de région
48.907814716711364, 2.441021193872537;"{""coordinates"": [2.441021193872537, 48.907814716711364], ""type"": ""Point""}";318;93008;Bobigny;Préfecture
45.032627434121984, 3.091867068948857;"{""coordinates"": [3.091867068948857, 45.032627434121984], ""type"": ""Point""}";50;15187;Saint-Flour;Sous-préfecture
45.939327585302266, -0.9618598697955011;"{""coordinates"": [-0.9618598697955011, 45.939327585302266], ""type"": ""Point""}";55;17299;Rochefort;Sous-préfecture
49.18104653103242, -0.35648958116503804;"{""coordinates"": [-0.35648958116503804, 49.18104653103242], ""type"": ""Point""}";45;14118;Caen;Préfecture de région
44.927549055896016, 2.44247920416064;"{""coordinates"": [2.44247920416064, 44.927549055896016], ""type"": ""Point""}";48;15014;Aurillac;Préfecture
45.26849925897422, 1.770660944319392;"{""coordinates"": [1.770660944319392, 45.26849925897422], ""type"": ""Point""}";63;19272;Tulle;Préfecture
48.99799335918381, 1.700330323964635;"{""coordinates"": [1.700330323964635, 48.99799335918381], ""type"": ""Point""}";275;78361;Mantes-la-jolie;Sous-préfecture
48.40767293210428, 2.699968338739092;"{""coordinates"": [2.699968338739092, 48.40767293210428], ""type"": ""Point""}";270;77186;Fontainebleau;Sous-préfecture
44.0382784944849, 1.10691098695067;"{""coordinates"": [1.10691098695067, 44.0382784944849], ""type"": ""Point""}";288;82033;Castelsarrasin;Sous-préfecture
49.89359274557187, 2.299450265131727;"{""coordinates"": [2.299450265131727, 49.89359274557187], ""type"": ""Point""}";283;80021;Amiens;Préfecture de région
43.847370325003446, 6.510486119091222;"{""coordinates"": [6.510486119091222, 43.847370325003446], ""type"": ""Point""}";14;04039;Castellane;Sous-préfecture
43.18333335861074, 3.000186833927412;"{""coordinates"": [3.000186833927412, 43.18333335861074], ""type"": ""Point""}";36;11262;Narbonne;Sous-préfecture
